,ปี,จังหวัด,อำเภอ,อปท,ค่าจัดซื้อครุภัณฑ์,ค่าน้ำมัน,ค่าบำรุงรักษาระบบ,ค่าจ้างคนงาน,ค่าเก็บขน,ค่ากำจัด
0,2563,นนทบุรี,ปากเกร็ด,เทศบาลนครปากเกร็ด,480000.0,13224077.55,14992777.5,53846100.0,0.0,0.0
1,2563,นนทบุรี,บางกรวย,เทศบาลเมืองบางกรวย,0.0,3817505.2,3616434.5,11121033.0,0.0,0.0
2,2563,นนทบุรี,เมืองนนทบุรี,เทศบาลเมืองบางกร่าง,0.0,1630042.41,1362725.26,2949720.0,0.0,0.0
3,2563,นนทบุรี,บางบัวทอง,เทศบาลเมืองบางคูรัด,2400000.0,2416373.2,2416380.65,4032000.0,0.0,0.0
4,2563,นนทบุรี,บางบัวทอง,เทศบาลเมืองบางบัวทอง,500000.0,2370540.7,1000000.0,6234000.0,0.0,0.0
5,2563,นนทบุรี,บางบัวทอง,เทศบาลเมืองบางรักพัฒนา,0.0,180000.0,600000.0,2880000.0,6000000.0,2500000.0
6,2563,นนทบุรี,เมืองนนทบุรี,เทศบาลเมืองบางศรีเมือง,19367.0,2670800.0,1524383.7,5659591.99,0.0,0.0
7,2563,นนทบุรี,ไทรน้อย,เทศบาลตำบลไทรน้อย,0.0,121000.0,138430.1,1512740.0,0.0,259366.5
8,2563,นนทบุรี,ปากเกร็ด,เทศบาลตำบลบางพลับ,2774500.0,440856.07,300416.4,1475002.7,0.0,0.0
9,2563,นนทบุรี,บางใหญ่,เทศบาลตำบลบางม่วง,0.0,545352.7,547485.53,2446080.0,0.0,0.0
10,2563,นนทบุรี,บางใหญ่,เทศบาลตำบลบางเลน,0.0,2543844.6,2101549.9,7609281.0,0.0,0.0
11,2563,นนทบุรี,บางใหญ่,เทศบาลตำบลบางใหญ่,2100000.0,720000.0,600000.0,2195800.0,0.0,0.0
12,2563,นนทบุรี,บางใหญ่,เทศบาลตำบลเสาธงหิน,420000.0,179365.0,2762457.0,10502880.0,0.0,0.0
13,2563,นนทบุรี,ปากเกร็ด,อบต.เกาะเกร็ด,0.0,0.0,28918.0,2332620.0,0.0,0.0
14,2563,นนทบุรี,ไทรน้อย,อบต.ขุนศรี,0.0,152758.0,105080.0,659160.0,0.0,0.0
15,2563,นนทบุรี,ปากเกร็ด,อบต.คลองข่อย,2400000.0,800000.0,450000.0,2460000.0,0.0,0.0
16,2563,นนทบุรี,ปากเกร็ด,อบต.คลองพระอุดม,2188000.0,417895.5,521154.2,227619.0,0.0,0.0
17,2563,นนทบุรี,ไทรน้อย,อบต.ทวีวัฒนา,0.0,290000.0,40000.0,912000.0,0.0,0.0
18,2563,นนทบุรี,ปากเกร็ด,อบต.ท่าอิฐ,2400000.0,900000.0,850000.0,3600000.0,0.0,0.0
19,2563,นนทบุรี,ไทรน้อย,อบต.ไทรน้อย,98763.0,830751.01,1350224.34,0.0,0.0,0.0
20,2563,นนทบุรี,ไทรน้อย,อบต.ไทรใหญ่,200000.0,300000.0,50000.0,1115000.0,0.0,0.0
21,2563,นนทบุรี,ปากเกร็ด,อบต.บางตะไนย์,1974500.0,192818.26,199696.31,943610.0,0.0,0.0
22,2563,นนทบุรี,บางบัวทอง,อบต.บางรักใหญ่,0.0,300000.0,0.0,0.0,0.0,0.0
23,2563,นนทบุรี,บางใหญ่,อบต.บางใหญ่,0.0,551602.0,392174.3,78975.0,0.0,0.0
24,2563,นนทบุรี,บางกรวย,อบต.มหาสวัสดิ์,0.0,700000.0,800000.0,1460280.0,0.0,0.0
25,2563,นนทบุรี,บางบัวทอง,อบต.ละหาร,4883969.0,1264353.4,1157945.8,4032898.0,0.0,0.0
26,2563,นนทบุรี,บางบัวทอง,อบต.ลำโพ,3488000.0,672000.0,237390.0,159572.0,0.0,0.0
27,2563,นนทบุรี,ปากเกร็ด,อบต.อ้อมเกร็ด,150000.0,302687.5,408404.6,1480200.0,0.0,0.0
28,2564,นนทบุรี,ปากเกร็ด,เทศบาลนครปากเกร็ด,0.0,14615631.57,8286476.98,50756622.0,139646080.0,19257714.0
29,2564,นนทบุรี,บางกรวย,เทศบาลเมืองบางกรวย,0.0,4945863.69,3332600.39,9117426.0,0.0,2621692.0
30,2564,นนทบุรี,บางบัวทอง,เทศบาลเมืองบางคูรัด,0.0,1809012.59,1335584.7,4879223.0,0.0,0.0
31,2564,นนทบุรี,บางใหญ่,เทศบาลเมืองบางแม่นาง,4800000.0,1159768.3,1089017.0,2747760.0,3350000.0,0.0
32,2564,นนทบุรี,เมืองนนทบุรี,เทศบาลเมืองบางศรีเมือง,3825000.0,2737200.0,2356736.9,8468681.48,0.0,0.0
33,2564,นนทบุรี,บางบัวทอง,เทศบาลเมืองใหม่บางบัวทอง,2000000.0,2000000.0,900000.0,900000.0,0.0,1800000.0
34,2564,นนทบุรี,ปากเกร็ด,เทศบาลตำบลบางพลับ,0.0,674526.0,448367.0,1865221.0,0.0,0.0
35,2564,นนทบุรี,บางใหญ่,เทศบาลตำบลบางม่วง,0.0,546305.5,333618.2,3781192.0,0.0,303118.0
36,2564,นนทบุรี,บางใหญ่,เทศบาลตำบลบ้านบางม่วง,0.0,1271344.73,1181318.9,5226065.0,0.0,1183497.0
37,2564,นนทบุรี,บางใหญ่,เทศบาลตำบลเสาธงหิน,0.0,6354896.0,4483036.0,0.0,0.0,2933323.0
38,2564,นนทบุรี,ปากเกร็ด,อบต.เกาะเกร็ด,0.0,0.0,0.0,2817000.0,0.0,0.0
39,2564,นนทบุรี,ปากเกร็ด,อบต.คลองข่อย,0.0,840000.0,200000.0,2267080.0,0.0,0.0
40,2564,นนทบุรี,ไทรน้อย,อบต.ทวีวัฒนา,102300.0,295079.0,47070.0,912000.0,0.0,0.0
41,2564,นนทบุรี,ปากเกร็ด,อบต.ท่าอิฐ,0.0,900000.0,1000000.0,3600000.0,0.0,0.0
42,2564,นนทบุรี,เมืองนนทบุรี,อบต.บางไผ่,2991000.0,915008.9,281294.47,3533580.0,0.0,0.0
43,2564,นนทบุรี,เมืองนนทบุรี,อบต.บางรักน้อย,0.0,1500000.0,1200000.0,1218292.0,1221154.0,0.0
44,2564,นนทบุรี,บางบัวทอง,อบต.บางรักใหญ่,0.0,240000.0,0.0,0.0,0.0,0.0
45,2564,นนทบุรี,บางใหญ่,อบต.บางใหญ่,3192000.0,332870.0,353827.6,666305.0,0.0,0.0
46,2564,นนทบุรี,บางกรวย,อบต.มหาสวัสดิ์,0.0,700000.0,800000.0,1460280.0,0.0,0.0
47,2564,นนทบุรี,ไทรน้อย,อบต.ราษฎร์นิยม,0.0,249105.2,15497.2,1187760.0,0.0,0.0
48,2565,นนทบุรี,ปากเกร็ด,เทศบาลนครปากเกร็ด,0.0,15361736.65,10968142.94,48340120.0,146770880.0,19369080.0
49,2565,นนทบุรี,บางกรวย,เทศบาลเมืองบางกรวย,0.0,4945863.69,3332600.39,11467373.0,0.0,2621692.0
50,2565,นนทบุรี,บางบัวทอง,เทศบาลเมืองบางคูรัด,0.0,2043674.55,1761114.5,4539627.0,0.0,0.0
51,2565,นนทบุรี,เมืองนนทบุรี,เทศบาลเมืองบางศรีเมือง,3269000.0,2778800.0,1592323.2,8113071.45,0.0,1952424.0
52,2565,นนทบุรี,บางใหญ่,เทศบาลตำบลบางเลน,0.0,3000000.0,2000000.0,4000000.0,0.0,0.0
53,2565,นนทบุรี,บางใหญ่,เทศบาลตำบลบ้านบางม่วง,0.0,1890060.8,740005.4,7933302.57,0.0,1233702.52
54,2565,นนทบุรี,บางใหญ่,เทศบาลตำบลเสาธงหิน,0.0,7471989.0,4348771.0,10921534.0,10776300.0,0.0
55,2565,นนทบุรี,ไทรน้อย,อบต.ขุนศรี,0.0,152758.0,105080.0,659160.0,0.0,0.0
56,2565,นนทบุรี,ปากเกร็ด,อบต.ท่าอิฐ,2400000.0,1500000.0,1000000.0,3600000.0,0.0,0.0
57,2565,นนทบุรี,บางกรวย,อบต.บางขนุน,0.0,645759.7,1002900.3,0.0,0.0,678201.0
58,2565,นนทบุรี,บางใหญ่,อบต.บ้านใหม่,2500000.0,708000.0,395000.0,1521840.0,0.0,0.0
59,2565,นนทบุรี,บางกรวย,อบต.มหาสวัสดิ์,0.0,500000.0,800000.0,1756680.0,0.0,0.0
60,2566,นนทบุรี,เมืองนนทบุรี,เทศบาลนครนนทบุรี,0.0,0.0,0.0,0.0,0.0,0.0
61,2566,นนทบุรี,บางบัวทอง,เทศบาลนครบางบัวทอง,0.0,0.0,0.0,0.0,0.0,0.0
62,2566,นนทบุรี,ปากเกร็ด,เทศบาลนครปากเกร็ด,0.0,0.0,0.0,0.0,0.0,0.0
63,2566,นนทบุรี,เมืองนนทบุรี,เทศบาลเมืองไทรม้า,0.0,0.0,0.0,0.0,7293175.63,1359374.25
64,2566,นนทบุรี,บางกรวย,เทศบาลเมืองบางกรวย,0.0,5190633.0,3854901.8,12963700.0,0.0,2416618.5
65,2566,นนทบุรี,เมืองนนทบุรี,เทศบาลเมืองบางกร่าง,2400000.0,2311454.0,1253843.0,3888000.0,0.0,0.0
66,2566,นนทบุรี,บางบัวทอง,เทศบาลเมืองบางคูรัด,0.0,2170692.89,678652.85,4539627.0,460512.84,0.0
67,2566,นนทบุรี,บางใหญ่,เทศบาลเมืองบางแม่นาง,0.0,0.0,0.0,0.0,0.0,0.0
68,2566,นนทบุรี,บางบัวทอง,เทศบาลเมืองบางรักพัฒนา,0.0,0.0,0.0,0.0,0.0,0.0
69,2566,นนทบุรี,เมืองนนทบุรี,เทศบาลเมืองบางศรีเมือง,2569000.0,2946330.0,2096767.35,6713368.0,0.0,2048265.04
70,2566,นนทบุรี,บางบัวทอง,เทศบาลเมืองพิมลราช,0.0,0.0,0.0,0.0,0.0,0.0
71,2566,นนทบุรี,บางใหญ่,เทศบาลเมืองเสาธงหิน,420000.0,7984395.64,6641372.1,10325829.02,9968848.19,2978721.0
72,2566,นนทบุรี,บางบัวทอง,เทศบาลเมืองใหม่บางบัวทอง,0.0,0.0,0.0,0.0,0.0,0.0
73,2566,นนทบุรี,ไทรน้อย,เทศบาลตำบลไทรน้อย,0.0,222000.7,149714.4,1530300.0,0.0,0.0
74,2566,นนทบุรี,ปากเกร็ด,เทศบาลตำบลบางพลับ,0.0,896176.0,659264.0,2339863.56,0.0,0.0
75,2566,นนทบุรี,บางใหญ่,เทศบาลตำบลบางม่วง,0.0,573544.4,607190.3,3042701.58,0.0,241286.25
76,2566,นนทบุรี,บางใหญ่,เทศบาลตำบลบางเลน,0.0,0.0,0.0,0.0,0.0,0.0
77,2566,นนทบุรี,บางกรวย,เทศบาลตำบลบางสีทอง,0.0,0.0,0.0,0.0,0.0,0.0
78,2566,นนทบุรี,บางใหญ่,เทศบาลตำบลบางใหญ่,0.0,0.0,0.0,0.0,0.0,0.0
79,2566,นนทบุรี,บางใหญ่,เทศบาลตำบลบ้านบางม่วง,0.0,1888371.4,1536280.5,4934008.54,0.0,1345939.5
80,2566,นนทบุรี,บางกรวย,เทศบาลตำบลปลายบาง,0.0,0.0,0.0,0.0,0.0,0.0
81,2566,นนทบุรี,บางกรวย,เทศบาลตำบลศาลากลาง,7000000.0,1200000.0,650000.0,3252130.0,0.0,1049452.5
82,2566,นนทบุรี,ปากเกร็ด,อบต.เกาะเกร็ด,0.0,0.0,0.0,0.0,0.0,0.0
83,2566,นนทบุรี,ไทรน้อย,อบต.ขุนศรี,0.0,0.0,21780.0,0.0,0.0,0.0
84,2566,นนทบุรี,ไทรน้อย,อบต.คลองขวาง,0.0,0.0,0.0,0.0,0.0,0.0
85,2566,นนทบุรี,ปากเกร็ด,อบต.คลองข่อย,0.0,0.0,0.0,0.0,0.0,0.0
86,2566,นนทบุรี,ปากเกร็ด,อบต.คลองพระอุดม,0.0,730241.6,689811.1,2365730.1,0.0,0.0
87,2566,นนทบุรี,ไทรน้อย,อบต.ทวีวัฒนา,0.0,0.0,0.0,0.0,0.0,0.0
88,2566,นนทบุรี,ปากเกร็ด,อบต.ท่าอิฐ,2400000.0,1000000.0,1000000.0,3650000.0,0.0,0.0
89,2566,นนทบุรี,ไทรน้อย,อบต.ไทรน้อย,0.0,0.0,0.0,0.0,0.0,0.0
90,2566,นนทบุรี,ไทรน้อย,อบต.ไทรใหญ่,2392000.0,332520.0,92770.0,1086450.62,0.0,0.0
91,2566,นนทบุรี,บางกรวย,อบต.บางขนุน,0.0,0.0,0.0,0.0,0.0,0.0
92,2566,นนทบุรี,บางกรวย,อบต.บางขุนกอง,0.0,0.0,0.0,0.0,0.0,0.0
93,2566,นนทบุรี,ปากเกร็ด,อบต.บางตะไนย์,0.0,400000.0,200000.0,2864200.0,0.0,250000.0
94,2566,นนทบุรี,เมืองนนทบุรี,อบต.บางไผ่,3500000.0,1264315.7,455878.45,4195374.0,0.0,0.0
95,2566,นนทบุรี,เมืองนนทบุรี,อบต.บางรักน้อย,0.0,0.0,0.0,0.0,0.0,0.0
96,2566,นนทบุรี,บางบัวทอง,อบต.บางรักใหญ่,0.0,0.0,0.0,0.0,0.0,0.0
97,2566,นนทบุรี,บางใหญ่,อบต.บางใหญ่,0.0,1035810.0,432684.43,172945.0,0.0,0.0
98,2566,นนทบุรี,บางใหญ่,อบต.บ้านใหม่,0.0,708000.0,400000.0,1521840.0,0.0,0.0
99,2566,นนทบุรี,บางกรวย,อบต.มหาสวัสดิ์,0.0,0.0,0.0,0.0,0.0,0.0
100,2566,นนทบุรี,ไทรน้อย,อบต.ราษฎร์นิยม,0.0,0.0,0.0,0.0,0.0,0.0
101,2566,นนทบุรี,บางบัวทอง,อบต.ละหาร,193944.1,1936130.2,862560.2,5482895.55,0.0,1698436.6
102,2566,นนทบุรี,บางบัวทอง,อบต.ลำโพ,0.0,0.0,0.0,0.0,0.0,0.0
103,2566,นนทบุรี,ไทรน้อย,อบต.หนองเพรางาย,0.0,0.0,0.0,0.0,0.0,0.0
104,2566,นนทบุรี,ปากเกร็ด,อบต.อ้อมเกร็ด,0.0,0.0,0.0,0.0,0.0,0.0
105,2567,นนทบุรี,เมืองนนทบุรี,เทศบาลนครนนทบุรี,0.0,0.0,0.0,0.0,0.0,0.0
106,2567,นนทบุรี,บางบัวทอง,เทศบาลนครบางบัวทอง,0.0,0.0,0.0,0.0,0.0,0.0
107,2567,นนทบุรี,ปากเกร็ด,เทศบาลนครปากเกร็ด,0.0,0.0,0.0,0.0,0.0,0.0
108,2567,นนทบุรี,เมืองนนทบุรี,เทศบาลเมืองไทรม้า,0.0,0.0,0.0,0.0,1244000.0,126577.5
109,2567,นนทบุรี,บางกรวย,เทศบาลเมืองบางกรวย,0.0,4432739.8,3929455.27,9664155.16,0.0,2461904.25
110,2567,นนทบุรี,เมืองนนทบุรี,เทศบาลเมืองบางกร่าง,2260000.0,2328183.4,2752424.66,3888000.0,0.0,0.0
111,2567,นนทบุรี,บางบัวทอง,เทศบาลเมืองบางคูรัด,12500000.0,2098974.7,2654529.5,4693560.0,0.0,1829382.0
112,2567,นนทบุรี,บางใหญ่,เทศบาลเมืองบางแม่นาง,0.0,0.0,0.0,0.0,0.0,0.0
113,2567,นนทบุรี,บางบัวทอง,เทศบาลเมืองบางรักพัฒนา,1500000.0,126000.0,50000.0,1728000.0,13000000.0,2200000.0
114,2567,นนทบุรี,เมืองนนทบุรี,เทศบาลเมืองบางศรีเมือง,0.0,3088710.5,2397698.0,8625379.01,0.0,2095699.7
115,2567,นนทบุรี,บางบัวทอง,เทศบาลเมืองพิมลราช,0.0,0.0,0.0,0.0,0.0,0.0
116,2567,นนทบุรี,บางใหญ่,เทศบาลเมืองเสาธงหิน,1429000.0,7551094.34,6719370.05,19171919.47,8825882.6,3626334.75
117,2567,นนทบุรี,บางบัวทอง,เทศบาลเมืองใหม่บางบัวทอง,0.0,0.0,0.0,0.0,0.0,0.0
118,2567,นนทบุรี,ไทรน้อย,เทศบาลตำบลไทรน้อย,0.0,0.0,0.0,0.0,0.0,0.0
119,2567,นนทบุรี,ปากเกร็ด,เทศบาลตำบลบางพลับ,0.0,941224.27,675302.7,2207541.88,0.0,783609.75
120,2567,นนทบุรี,บางใหญ่,เทศบาลตำบลบางม่วง,1300000.0,555631.6,749411.6,2970576.1,0.0,294859.5
121,2567,นนทบุรี,บางใหญ่,เทศบาลตำบลบางเลน,0.0,0.0,0.0,0.0,0.0,0.0
122,2567,นนทบุรี,บางกรวย,เทศบาลตำบลบางสีทอง,0.0,0.0,0.0,0.0,0.0,0.0
123,2567,นนทบุรี,บางใหญ่,เทศบาลตำบลบางใหญ่,0.0,0.0,0.0,0.0,0.0,0.0
124,2567,นนทบุรี,บางใหญ่,เทศบาลตำบลบ้านบางม่วง,0.0,1780820.7,2077747.2,5978215.45,1298509.0,0.0
125,2567,นนทบุรี,บางกรวย,เทศบาลตำบลปลายบาง,582700.0,6000000.0,6000000.0,12489788.0,0.0,0.0
126,2567,นนทบุรี,บางกรวย,เทศบาลตำบลศาลากลาง,2000000.0,1480325.03,1162518.9,4497240.0,0.0,1262447.25
127,2567,นนทบุรี,ปากเกร็ด,อบต.เกาะเกร็ด,0.0,0.0,0.0,0.0,0.0,0.0
128,2567,นนทบุรี,ไทรน้อย,อบต.ขุนศรี,0.0,0.0,0.0,0.0,0.0,0.0
129,2567,นนทบุรี,ไทรน้อย,อบต.คลองขวาง,0.0,0.0,0.0,0.0,0.0,0.0
130,2567,นนทบุรี,ปากเกร็ด,อบต.คลองข่อย,0.0,0.0,0.0,0.0,0.0,0.0
131,2567,นนทบุรี,ปากเกร็ด,อบต.คลองพระอุดม,0.0,894431.7,499092.3,2384782.9,561013.9,0.0
132,2567,นนทบุรี,ไทรน้อย,อบต.ทวีวัฒนา,0.0,0.0,0.0,0.0,0.0,0.0
133,2567,นนทบุรี,ปากเกร็ด,อบต.ท่าอิฐ,2400000.0,1000000.0,1000000.0,3650000.0,0.0,0.0
134,2567,นนทบุรี,ไทรน้อย,อบต.ไทรน้อย,0.0,0.0,0.0,0.0,0.0,0.0
135,2567,นนทบุรี,ไทรน้อย,อบต.ไทรใหญ่,0.0,0.0,0.0,0.0,0.0,0.0
136,2567,นนทบุรี,บางกรวย,อบต.บางขนุน,0.0,0.0,0.0,0.0,0.0,0.0
137,2567,นนทบุรี,บางกรวย,อบต.บางขุนกอง,0.0,0.0,0.0,0.0,0.0,0.0
138,2567,นนทบุรี,ปากเกร็ด,อบต.บางตะไนย์,0.0,0.0,0.0,0.0,0.0,0.0
139,2567,นนทบุรี,เมืองนนทบุรี,อบต.บางไผ่,3000000.0,1432596.0,1300000.0,4500000.0,1317540.0,827439.75
140,2567,นนทบุรี,เมืองนนทบุรี,อบต.บางรักน้อย,0.0,0.0,0.0,0.0,0.0,0.0
141,2567,นนทบุรี,บางบัวทอง,อบต.บางรักใหญ่,0.0,0.0,0.0,0.0,0.0,0.0
142,2567,นนทบุรี,บางใหญ่,อบต.บางใหญ่,0.0,1003438.81,527296.0,201717.0,0.0,0.0
143,2567,นนทบุรี,บางใหญ่,อบต.บ้านใหม่,0.0,708000.0,400000.0,1521840.0,0.0,0.0
144,2567,นนทบุรี,บางกรวย,อบต.มหาสวัสดิ์,0.0,500000.0,800000.0,1756680.0,0.0,0.0
145,2567,นนทบุรี,ไทรน้อย,อบต.ราษฎร์นิยม,0.0,0.0,0.0,0.0,0.0,0.0
146,2567,นนทบุรี,บางบัวทอง,อบต.ละหาร,0.0,0.0,0.0,0.0,0.0,0.0
147,2567,นนทบุรี,บางบัวทอง,อบต.ลำโพ,0.0,1000000.0,600000.0,2208000.0,0.0,0.0
148,2567,นนทบุรี,ไทรน้อย,อบต.หนองเพรางาย,0.0,0.0,0.0,0.0,0.0,0.0
149,2567,นนทบุรี,ปากเกร็ด,อบต.อ้อมเกร็ด,0.0,0.0,0.0,0.0,0.0,0.0
