,ปี,จังหวัด,อำเภอ,อปท,รถเปิดข้างเทท้าย/คัน,รถแบบอัดท้าย (คัน),รถคอนเทนเนอร์ (คัน),รถบรรทุกเทท้าย (คัน),รถปิคอัพ (คัน),รถชนิดอื่นๆ (คัน)
0,2563,นนทบุรี,ปากเกร็ด,เทศบาลนครปากเกร็ด,3,72,2,10,0,3
1,2563,นนทบุรี,เมืองนนทบุรี,เทศบาลเมืองไทรม้า,0,7,0,0,0,0
2,2563,นนทบุรี,บางกรวย,เทศบาลเมืองบางกรวย,0,16,2,0,0,0
3,2563,นนทบุรี,เมืองนนทบุรี,เทศบาลเมืองบางกร่าง,0,7,0,0,0,0
4,2563,นนทบุรี,บางบัวทอง,เทศบาลเมืองบางคูรัด,0,8,0,0,0,0
5,2563,นนทบุรี,บางบัวทอง,เทศบาลเมืองบางบัวทอง,0,12,2,1,0,0
6,2563,นนทบุรี,บางใหญ่,เทศบาลเมืองบางแม่นาง,0,0,0,0,0,0
7,2563,นนทบุรี,บางบัวทอง,เทศบาลเมืองบางรักพัฒนา,0,6,0,0,0,0
8,2563,นนทบุรี,เมืองนนทบุรี,เทศบาลเมืองบางศรีเมือง,0,13,0,4,0,0
9,2563,นนทบุรี,บางบัวทอง,เทศบาลเมืองพิมลราช,0,0,0,0,0,0
10,2563,นนทบุรี,บางบัวทอง,เทศบาลเมืองใหม่บางบัวทอง,0,0,0,0,0,0
11,2563,นนทบุรี,ไทรน้อย,เทศบาลตำบลไทรน้อย,0,2,0,0,0,0
12,2563,นนทบุรี,ปากเกร็ด,เทศบาลตำบลบางพลับ,0,3,0,0,0,0
13,2563,นนทบุรี,บางใหญ่,เทศบาลตำบลบางม่วง,1,3,0,0,0,0
14,2563,นนทบุรี,บางใหญ่,เทศบาลตำบลบางเลน,1,7,1,0,0,2
15,2563,นนทบุรี,บางกรวย,เทศบาลตำบลบางสีทอง,0,0,0,0,0,0
16,2563,นนทบุรี,บางใหญ่,เทศบาลตำบลบางใหญ่,0,5,0,2,0,0
17,2563,นนทบุรี,บางใหญ่,เทศบาลตำบลบ้านบางม่วง,0,0,0,0,0,0
18,2563,นนทบุรี,บางกรวย,เทศบาลตำบลปลายบาง,0,0,0,0,0,0
19,2563,นนทบุรี,บางกรวย,เทศบาลตำบลศาลากลาง,0,0,0,0,0,0
20,2563,นนทบุรี,บางใหญ่,เทศบาลตำบลเสาธงหิน,8,9,4,5,0,0
21,2563,นนทบุรี,ปากเกร็ด,อบต.เกาะเกร็ด,0,0,0,0,0,2
22,2563,นนทบุรี,ปากเกร็ด,อบต.คลองข่อย,0,0,0,0,0,0
23,2563,นนทบุรี,ปากเกร็ด,อบต.คลองพระอุดม,0,4,0,0,0,0
24,2563,นนทบุรี,ไทรน้อย,อบต.ทวีวัฒนา,0,2,0,0,0,0
25,2563,นนทบุรี,ปากเกร็ด,อบต.ท่าอิฐ,0,7,0,0,0,0
26,2563,นนทบุรี,ไทรน้อย,อบต.ไทรน้อย,0,4,0,0,1,0
27,2563,นนทบุรี,ไทรน้อย,อบต.ไทรใหญ่,0,2,0,0,0,0
28,2563,นนทบุรี,บางกรวย,อบต.บางขนุน,0,2,1,0,0,0
29,2563,นนทบุรี,บางกรวย,อบต.บางขุนกอง,0,0,0,0,0,0
30,2563,นนทบุรี,ปากเกร็ด,อบต.บางตะไนย์,0,3,0,0,0,0
31,2563,นนทบุรี,เมืองนนทบุรี,อบต.บางไผ่,0,5,0,0,1,0
32,2563,นนทบุรี,บางบัวทอง,อบต.บางรักใหญ่,0,2,0,0,0,0
33,2563,นนทบุรี,บางใหญ่,อบต.บางใหญ่,0,5,0,0,0,0
34,2563,นนทบุรี,บางใหญ่,อบต.บ้านใหม่,0,0,0,0,0,0
35,2563,นนทบุรี,บางกรวย,อบต.มหาสวัสดิ์,0,5,0,0,0,0
36,2563,นนทบุรี,ไทรน้อย,อบต.ราษฎร์นิยม,0,0,0,0,0,0
37,2563,นนทบุรี,บางบัวทอง,อบต.ละหาร,0,7,0,0,0,0
38,2563,นนทบุรี,บางบัวทอง,อบต.ลำโพ,0,5,0,0,0,0
39,2563,นนทบุรี,ไทรน้อย,อบต.หนองเพรางาย,0,0,0,0,0,0
40,2563,นนทบุรี,ปากเกร็ด,อบต.อ้อมเกร็ด,0,3,0,0,0,0
41,2564,นนทบุรี,ปากเกร็ด,เทศบาลนครปากเกร็ด,2,39,3,4,0,47
42,2564,นนทบุรี,บางกรวย,เทศบาลเมืองบางกรวย,1,13,2,2,0,0
43,2564,นนทบุรี,บางบัวทอง,เทศบาลเมืองบางคูรัด,0,9,0,0,0,0
44,2564,นนทบุรี,บางบัวทอง,เทศบาลเมืองบางบัวทอง,0,0,0,0,0,0
45,2564,นนทบุรี,บางใหญ่,เทศบาลเมืองบางแม่นาง,2,6,0,2,0,0
46,2564,นนทบุรี,บางบัวทอง,เทศบาลเมืองบางรักพัฒนา,0,0,0,0,0,0
47,2564,นนทบุรี,เมืองนนทบุรี,เทศบาลเมืองบางศรีเมือง,0,13,0,3,0,0
48,2564,นนทบุรี,บางบัวทอง,เทศบาลเมืองใหม่บางบัวทอง,0,12,0,0,0,0
49,2564,นนทบุรี,ปากเกร็ด,เทศบาลตำบลบางพลับ,0,4,0,0,0,0
50,2564,นนทบุรี,บางใหญ่,เทศบาลตำบลบางม่วง,2,4,0,0,0,0
51,2564,นนทบุรี,บางใหญ่,เทศบาลตำบลบางเลน,1,6,1,0,1,2
52,2564,นนทบุรี,บางกรวย,เทศบาลตำบลบางสีทอง,0,0,0,0,0,0
53,2564,นนทบุรี,บางใหญ่,เทศบาลตำบลบางใหญ่,0,5,0,2,0,0
54,2564,นนทบุรี,บางใหญ่,เทศบาลตำบลบ้านบางม่วง,0,8,0,0,0,0
55,2564,นนทบุรี,บางกรวย,เทศบาลตำบลปลายบาง,0,14,2,0,0,0
56,2564,นนทบุรี,บางกรวย,เทศบาลตำบลศาลากลาง,0,0,0,0,0,0
57,2564,นนทบุรี,บางใหญ่,เทศบาลตำบลเสาธงหิน,8,9,4,5,0,3
58,2564,นนทบุรี,ปากเกร็ด,อบต.เกาะเกร็ด,0,0,0,0,0,6
59,2564,นนทบุรี,ปากเกร็ด,อบต.คลองข่อย,0,4,0,0,0,0
60,2564,นนทบุรี,ไทรน้อย,อบต.ทวีวัฒนา,0,2,0,0,0,0
61,2564,นนทบุรี,ปากเกร็ด,อบต.ท่าอิฐ,0,6,0,0,0,0
62,2564,นนทบุรี,ไทรน้อย,อบต.ไทรน้อย,0,0,0,0,0,0
63,2564,นนทบุรี,บางกรวย,อบต.บางขนุน,0,3,1,0,0,0
64,2564,นนทบุรี,ปากเกร็ด,อบต.บางตะไนย์,0,0,0,0,0,0
65,2564,นนทบุรี,เมืองนนทบุรี,อบต.บางไผ่,1,5,0,0,0,0
66,2564,นนทบุรี,เมืองนนทบุรี,อบต.บางรักน้อย,8,8,0,0,0,0
67,2564,นนทบุรี,บางบัวทอง,อบต.บางรักใหญ่,0,2,0,0,0,0
68,2564,นนทบุรี,บางใหญ่,อบต.บางใหญ่,0,6,0,0,0,0
69,2564,นนทบุรี,บางใหญ่,อบต.บ้านใหม่,0,0,0,0,0,0
70,2564,นนทบุรี,บางกรวย,อบต.มหาสวัสดิ์,0,3,0,0,0,0
71,2564,นนทบุรี,ไทรน้อย,อบต.ราษฎร์นิยม,0,3,0,0,0,0
72,2564,นนทบุรี,บางบัวทอง,อบต.ลำโพ,0,5,0,0,0,0
73,2565,นนทบุรี,ปากเกร็ด,เทศบาลนครปากเกร็ด,2,39,3,4,0,47
74,2565,นนทบุรี,บางกรวย,เทศบาลเมืองบางกรวย,1,13,2,2,0,0
75,2565,นนทบุรี,บางบัวทอง,เทศบาลเมืองบางคูรัด,0,9,0,0,0,0
76,2565,นนทบุรี,บางบัวทอง,เทศบาลเมืองบางรักพัฒนา,0,8,0,0,0,0
77,2565,นนทบุรี,เมืองนนทบุรี,เทศบาลเมืองบางศรีเมือง,0,13,0,3,0,1
78,2565,นนทบุรี,บางใหญ่,เทศบาลตำบลบางเลน,1,6,1,0,1,3
79,2565,นนทบุรี,บางใหญ่,เทศบาลตำบลบ้านบางม่วง,0,7,0,0,1,0
80,2565,นนทบุรี,บางกรวย,เทศบาลตำบลปลายบาง,0,14,2,0,0,0
81,2565,นนทบุรี,บางใหญ่,เทศบาลตำบลเสาธงหิน,6,9,4,6,0,0
82,2565,นนทบุรี,ไทรน้อย,อบต.ขุนศรี,0,2,0,0,0,0
83,2565,นนทบุรี,ปากเกร็ด,อบต.ท่าอิฐ,0,7,0,0,0,0
84,2565,นนทบุรี,บางกรวย,อบต.บางขนุน,0,3,1,0,0,0
85,2565,นนทบุรี,บางใหญ่,อบต.บางใหญ่,0,6,0,0,0,0
86,2565,นนทบุรี,บางใหญ่,อบต.บ้านใหม่,0,4,0,0,0,0
87,2565,นนทบุรี,บางกรวย,อบต.มหาสวัสดิ์,0,3,0,0,0,0
88,2565,นนทบุรี,บางบัวทอง,อบต.ลำโพ,0,5,0,0,0,0
89,2566,นนทบุรี,เมืองนนทบุรี,เทศบาลนครนนทบุรี,0,0,0,0,0,0
90,2566,นนทบุรี,บางบัวทอง,เทศบาลนครบางบัวทอง,0,0,0,0,0,0
91,2566,นนทบุรี,ปากเกร็ด,เทศบาลนครปากเกร็ด,0,0,0,0,0,0
92,2566,นนทบุรี,เมืองนนทบุรี,เทศบาลเมืองไทรม้า,6,0,0,0,0,0
93,2566,นนทบุรี,บางกรวย,เทศบาลเมืองบางกรวย,1,13,2,2,0,0
94,2566,นนทบุรี,เมืองนนทบุรี,เทศบาลเมืองบางกร่าง,7,0,0,0,0,0
95,2566,นนทบุรี,บางบัวทอง,เทศบาลเมืองบางคูรัด,0,9,0,0,0,0
96,2566,นนทบุรี,บางใหญ่,เทศบาลเมืองบางแม่นาง,0,0,0,0,0,0
97,2566,นนทบุรี,บางบัวทอง,เทศบาลเมืองบางรักพัฒนา,0,8,0,3,7,2
98,2566,นนทบุรี,เมืองนนทบุรี,เทศบาลเมืองบางศรีเมือง,0,13,0,3,0,1
99,2566,นนทบุรี,บางบัวทอง,เทศบาลเมืองพิมลราช,0,0,0,0,0,0
100,2566,นนทบุรี,บางใหญ่,เทศบาลเมืองเสาธงหิน,6,9,4,4,0,0
101,2566,นนทบุรี,บางบัวทอง,เทศบาลเมืองใหม่บางบัวทอง,0,0,0,0,0,0
102,2566,นนทบุรี,ไทรน้อย,เทศบาลตำบลไทรน้อย,0,2,0,0,0,0
103,2566,นนทบุรี,ปากเกร็ด,เทศบาลตำบลบางพลับ,0,4,0,0,0,0
104,2566,นนทบุรี,บางใหญ่,เทศบาลตำบลบางม่วง,2,4,0,0,0,0
105,2566,นนทบุรี,บางใหญ่,เทศบาลตำบลบางเลน,0,0,0,0,0,0
106,2566,นนทบุรี,บางกรวย,เทศบาลตำบลบางสีทอง,0,4,0,0,0,0
107,2566,นนทบุรี,บางใหญ่,เทศบาลตำบลบางใหญ่,0,0,0,0,0,0
108,2566,นนทบุรี,บางใหญ่,เทศบาลตำบลบ้านบางม่วง,0,8,0,0,1,0
109,2566,นนทบุรี,บางกรวย,เทศบาลตำบลปลายบาง,0,13,2,0,0,1
110,2566,นนทบุรี,บางกรวย,เทศบาลตำบลศาลากลาง,0,6,0,0,0,0
111,2566,นนทบุรี,ปากเกร็ด,อบต.เกาะเกร็ด,0,0,0,0,0,1
112,2566,นนทบุรี,ไทรน้อย,อบต.ขุนศรี,0,1,0,0,0,0
113,2566,นนทบุรี,ไทรน้อย,อบต.คลองขวาง,0,0,0,0,0,0
114,2566,นนทบุรี,ปากเกร็ด,อบต.คลองข่อย,0,0,0,0,0,0
115,2566,นนทบุรี,ปากเกร็ด,อบต.คลองพระอุดม,0,0,0,0,0,0
116,2566,นนทบุรี,ไทรน้อย,อบต.ทวีวัฒนา,0,0,0,0,0,0
117,2566,นนทบุรี,ปากเกร็ด,อบต.ท่าอิฐ,0,5,0,0,0,0
118,2566,นนทบุรี,ไทรน้อย,อบต.ไทรน้อย,0,0,0,0,0,0
119,2566,นนทบุรี,ไทรน้อย,อบต.ไทรใหญ่,0,3,0,0,0,0
120,2566,นนทบุรี,บางกรวย,อบต.บางขนุน,0,3,1,0,0,0
121,2566,นนทบุรี,บางกรวย,อบต.บางขุนกอง,0,0,0,0,0,0
122,2566,นนทบุรี,ปากเกร็ด,อบต.บางตะไนย์,0,3,0,1,0,0
123,2566,นนทบุรี,เมืองนนทบุรี,อบต.บางไผ่,0,5,0,0,0,0
124,2566,นนทบุรี,เมืองนนทบุรี,อบต.บางรักน้อย,7,7,0,0,0,0
125,2566,นนทบุรี,บางบัวทอง,อบต.บางรักใหญ่,0,0,0,0,0,0
126,2566,นนทบุรี,บางใหญ่,อบต.บางใหญ่,0,6,0,0,0,0
127,2566,นนทบุรี,บางใหญ่,อบต.บ้านใหม่,0,4,0,0,0,0
128,2566,นนทบุรี,บางกรวย,อบต.มหาสวัสดิ์,0,3,0,0,0,0
129,2566,นนทบุรี,ไทรน้อย,อบต.ราษฎร์นิยม,0,2,0,0,0,0
130,2566,นนทบุรี,บางบัวทอง,อบต.ละหาร,0,9,0,0,0,0
131,2566,นนทบุรี,บางบัวทอง,อบต.ลำโพ,0,5,0,0,1,0
132,2566,นนทบุรี,ไทรน้อย,อบต.หนองเพรางาย,0,0,0,0,0,0
133,2566,นนทบุรี,ปากเกร็ด,อบต.อ้อมเกร็ด,0,0,0,0,0,0
134,2567,นนทบุรี,เมืองนนทบุรี,เทศบาลนครนนทบุรี,0,0,0,0,0,0
135,2567,นนทบุรี,บางบัวทอง,เทศบาลนครบางบัวทอง,0,0,0,0,0,0
136,2567,นนทบุรี,ปากเกร็ด,เทศบาลนครปากเกร็ด,0,0,0,0,0,0
137,2567,นนทบุรี,เมืองนนทบุรี,เทศบาลเมืองไทรม้า,0,6,0,0,0,0
138,2567,นนทบุรี,บางกรวย,เทศบาลเมืองบางกรวย,1,13,2,2,0,0
139,2567,นนทบุรี,เมืองนนทบุรี,เทศบาลเมืองบางกร่าง,8,0,0,0,0,0
140,2567,นนทบุรี,บางบัวทอง,เทศบาลเมืองบางคูรัด,0,9,0,0,0,0
141,2567,นนทบุรี,บางใหญ่,เทศบาลเมืองบางแม่นาง,0,0,0,0,0,0
142,2567,นนทบุรี,บางบัวทอง,เทศบาลเมืองบางรักพัฒนา,0,11,0,0,0,0
143,2567,นนทบุรี,เมืองนนทบุรี,เทศบาลเมืองบางศรีเมือง,0,13,0,3,0,1
144,2567,นนทบุรี,บางบัวทอง,เทศบาลเมืองพิมลราช,0,0,0,0,0,0
145,2567,นนทบุรี,บางใหญ่,เทศบาลเมืองเสาธงหิน,4,9,4,4,0,0
146,2567,นนทบุรี,บางบัวทอง,เทศบาลเมืองใหม่บางบัวทอง,0,0,0,0,0,0
147,2567,นนทบุรี,ไทรน้อย,เทศบาลตำบลไทรน้อย,0,0,0,0,0,0
148,2567,นนทบุรี,ปากเกร็ด,เทศบาลตำบลบางพลับ,0,1,0,0,0,0
149,2567,นนทบุรี,บางใหญ่,เทศบาลตำบลบางม่วง,2,4,0,0,0,0
150,2567,นนทบุรี,บางใหญ่,เทศบาลตำบลบางเลน,1,8,2,0,0,0
151,2567,นนทบุรี,บางกรวย,เทศบาลตำบลบางสีทอง,4,0,0,0,0,0
152,2567,นนทบุรี,บางใหญ่,เทศบาลตำบลบางใหญ่,0,0,0,0,0,0
153,2567,นนทบุรี,บางใหญ่,เทศบาลตำบลบ้านบางม่วง,0,8,0,0,1,0
154,2567,นนทบุรี,บางกรวย,เทศบาลตำบลปลายบาง,0,13,2,0,0,0
155,2567,นนทบุรี,บางกรวย,เทศบาลตำบลศาลากลาง,0,6,0,0,0,0
156,2567,นนทบุรี,ปากเกร็ด,อบต.เกาะเกร็ด,0,0,0,0,0,0
157,2567,นนทบุรี,ไทรน้อย,อบต.ขุนศรี,0,0,0,0,0,0
158,2567,นนทบุรี,ไทรน้อย,อบต.คลองขวาง,0,0,0,0,0,0
159,2567,นนทบุรี,ปากเกร็ด,อบต.คลองข่อย,0,0,0,0,0,0
160,2567,นนทบุรี,ปากเกร็ด,อบต.คลองพระอุดม,0,4,0,0,0,0
161,2567,นนทบุรี,ไทรน้อย,อบต.ทวีวัฒนา,0,0,0,0,0,0
162,2567,นนทบุรี,ปากเกร็ด,อบต.ท่าอิฐ,0,7,0,0,0,0
163,2567,นนทบุรี,ไทรน้อย,อบต.ไทรน้อย,0,0,0,0,0,0
164,2567,นนทบุรี,ไทรน้อย,อบต.ไทรใหญ่,0,0,0,0,0,0
165,2567,นนทบุรี,บางกรวย,อบต.บางขนุน,0,3,1,0,0,0
166,2567,นนทบุรี,บางกรวย,อบต.บางขุนกอง,0,0,0,0,0,0
167,2567,นนทบุรี,ปากเกร็ด,อบต.บางตะไนย์,0,3,0,0,0,0
168,2567,นนทบุรี,เมืองนนทบุรี,อบต.บางไผ่,1,6,0,0,0,0
169,2567,นนทบุรี,เมืองนนทบุรี,อบต.บางรักน้อย,0,0,0,0,0,0
170,2567,นนทบุรี,บางบัวทอง,อบต.บางรักใหญ่,0,2,0,0,0,0
171,2567,นนทบุรี,บางใหญ่,อบต.บางใหญ่,0,6,0,0,0,0
172,2567,นนทบุรี,บางใหญ่,อบต.บ้านใหม่,0,4,0,0,0,0
173,2567,นนทบุรี,บางกรวย,อบต.มหาสวัสดิ์,0,3,0,0,0,0
174,2567,นนทบุรี,ไทรน้อย,อบต.ราษฎร์นิยม,0,3,0,0,0,0
175,2567,นนทบุรี,บางบัวทอง,อบต.ละหาร,0,0,0,0,0,0
176,2567,นนทบุรี,บางบัวทอง,อบต.ลำโพ,0,5,0,0,1,0
177,2567,นนทบุรี,ไทรน้อย,อบต.หนองเพรางาย,0,0,0,0,0,0
178,2567,นนทบุรี,ปากเกร็ด,อบต.อ้อมเกร็ด,0,0,0,0,0,0
